<AppXManifestLocalization>
  <String Id="WW_Shell_Verb_Edit" xpath="//appv:ShellCommand//appv:FriendlyName[text()='&amp;Edit']">&amp;Editar</String>
  <String Id="WW_Shell_Verb_New" xpath="//appv:ShellCommand//appv:FriendlyName[text()='&amp;New']">&amp;Nuevo</String>
  <String Id="WW_Shell_Verb_Open" xpath="//appv:ShellCommand//appv:FriendlyName[text()='&amp;Open']">&amp;Abrir</String>
  <String Id="WW_Shell_Verb_OpenAsReadOnly" xpath="//appv:ShellCommand//appv:FriendlyName[text()='Open as Read-Only'] ">Abrir en modo de solo lectura</String>
  <String Id="WW_Shell_Verb_Print" xpath="//appv:ShellCommand//appv:FriendlyName[text()='&amp;Print'] ">&amp;Imprimir</String>
  <String Id="WW_Shell_Verb_PrintTo" xpath="//appv:ShellCommand//appv:FriendlyName[text()='Print &amp;To'] ">I&amp;mprimir a</String>
  <String Id="WW_Shell_Verb_Show" xpath="//appv:ShellCommand//appv:FriendlyName[text()='S&amp;how'] ">&amp;Mostrar</String>
  <String Id="WW_Shell_Verb_Design" xpath="//appv:ShellCommand//appv:FriendlyName[text()='&amp;Design'] ">&amp;Diseño</String>
  <String Id="WW_Shell_Verb_Browse" xpath="//appv:ShellCommand//appv:FriendlyName[text()='&amp;Browse'] ">E&amp;xaminar</String>
  <String Id="WW_Shell_Verb_Preview" xpath="//appv:ShellCommand//appv:FriendlyName[text()='Pre&amp;view'] ">&amp;Vista previa</String>
  <String Id="WW_Shell_Verb_Run" xpath="//appv:ShellCommand//appv:FriendlyName[text()='&amp;Run'] ">&amp;Ejecutar</String>
  <String Id="WW_Shell_Verb_ProtectedView" xpath="//appv:ShellCommand//appv:FriendlyName[text()='Open in Protected &amp;View'] ">Abrir en &amp;Vista protegida</String>
  <String Id="WW_Shell_XL_OpenInExcel" xpath="//appv:ShellCommand//appv:FriendlyName[text()='&amp;Open in Excel']">&amp;Abrir con Excel</String>
  <String Id="WW_Shell_XL_OpenInMSExcel" xpath="//appv:ShellCommand//appv:FriendlyName[text()='&amp;Open in Microsoft Office Excel']">&amp;Abrir con Microsoft Excel</String>
  <String Id="WW_Shell_XL_EditInExcel" xpath="//appv:ShellCommand//appv:FriendlyName[text()='&amp;Edit in Excel']">&amp;Modificar con Excel</String>
  <String Id="WW_Shell_XL_EditInNotepad" xpath="//appv:ShellCommand//appv:FriendlyName[text()='&amp;Edit with Notepad']">&amp;Modificar con el Bloc de notas</String>
  <String Id="WW_Shell_Acc_Datasheet" xpath="//appv:ShellCommand//appv:FriendlyName[text()='Data&amp;sheet']">&amp;Hoja de datos</String>
  <String Id="WW_ACC_MainShortcut_tip" xpath="//appv:Shortcut[appv:File[contains(text(),'Access')]]//appv:Description">Crea rápidamente una aplicación profesional para administrar la información.</String>
  <String Id="WW_XL_MainShortcut_tip" xpath="//appv:Shortcut[appv:File[contains(text(),'Excel')]]//appv:Description">Descubre, visualiza y comparte fácilmente conclusiones extraídas de tus datos.</String>
  <String Id="WW_XD_Editor_MainShortcut_tip" xpath="//appv:Shortcut[appv:File[contains(text(),'InfoPath Filler')]]//appv:Description">Rellene formularios dinámicos para recopilar y reutilizar la información en toda la organización mediante Microsoft InfoPath.</String>
  <String Id="WW_XD_Designer_MainShortcut_tip" xpath="//appv:Shortcut[appv:File[contains(text(),'InfoPath Designer')]]//appv:Description">Diseña formularios dinámicos para recopilar y reutilizar la información en toda la organización mediante Microsoft InfoPath.</String>
  <String Id="WW_Lync_Shortcut_Record_tip" xpath="//appv:Shortcut[appv:Target[contains(text(),'OcPubMgr')]]//appv:Description">Administra todas las grabaciones de Skype Empresarial en una sola ubicación.</String>
  <String Id="WW_Lync_Shortcut_Record_name" xpath="//appv:Shortcut//appv:File[contains(text(),'Skype for Business Recording Manager')]" replace="Skype for Business Recording Manager">Administrador de grabaciones de Skype Empresarial</String>
  <String Id="WW_Lync_Shortcut_tip" xpath="//appv:Shortcut[appv:Target[contains(text(),'lync.exe')]]//appv:Description">Conéctate con usuarios de todo el mundo mediante llamadas de voz y videollamadas, reuniones de Skype y mensajería instantánea.</String>
  <String Id="Lync_Exe_Title" xpath="//appv:Shortcut//appv:File[contains(text(),'Skype for Business')]" replace="Skype for Business">Skype Empresarial</String>
  <String Id="OfficeHub_Exe_Title" xpath="//appv:Shortcut[appv:File[contains(text(),'OfficeHubWin32')]]//appv:Description">Centro de Microsoft Office</String>
  <String Id="WW_ON_MainShortcut_tip" xpath="//appv:Shortcut[appv:Target[contains(text(),'ONENOTE.EXE')]]//appv:Description">Toma notas y tenlas a mano cuando las necesites.</String>
  <String Id="WW_ONM_MainShortcut_tip" xpath="//appv:Shortcut[appv:Target[contains(text(),'ONENOTEM.EXE')]]//appv:Description">Mostrar el panel Recorte (Windows + N) o tomar un recorte de pantalla (Windows + S)</String>
  <String Id="WW_ONoteM_ShortcutName" xpath="//appv:Shortcut//appv:File[contains(text(),'Send to OneNote')]" replace="Send to OneNote 2016">OneNote (escritorio)</String>
  <String Id="WW_OUT_MainShortcut_tip" xpath="//appv:Shortcut[appv:File[contains(text(),'Outlook')]]//appv:Description">Administra tu correo, programaciones, contactos y tareas.</String>
  <String Id="WW_PPT_MainShortcut_tip" xpath="//appv:Shortcut[appv:File[contains(text(),'PowerPoint')]]//appv:Description">Diseña y realiza atractivas presentaciones con facilidad y confianza.</String>
  <String Id="WW_PRJ_MainShortcut_tip" xpath="//appv:Shortcut[appv:File[contains(text(),'Project')]]//appv:Description">Colabora fácilmente con otras personas para iniciar y entregar rápidamente proyectos ganadores.</String>
  <String Id="WW_PUB_MainShortcut_tip" xpath="//appv:Shortcut[appv:File[contains(text(),'Publisher')]]//appv:Description">Crea publicaciones de calidad profesional y gran impacto.</String>
  <String Id="WW_VIS_MainShortcut_tip" xpath="//appv:Shortcut[appv:File[contains(text(),'Visio')]]//appv:Description">Crea diagramas profesionales y versátiles que simplifican la información compleja.</String>
  <String Id="WW_WRD_MainShortcut_tip" xpath="//appv:Shortcut[appv:File[contains(text(),'Word')]]//appv:Description">Crea atractivos documentos, trabaja fácilmente con otras personas y disfruta de la lectura.</String>
  <String Id="WW_DIR_ToolsMenu" xpath="//appv:Shortcut//appv:File[contains(text(),'Microsoft Office Tools')]" replace="Microsoft Office Tools">Herramientas de Microsoft Office</String>
  <String Id="WW_DigSig_Shortcut_tip" xpath="//appv:Shortcut[appv:Target[contains(text(),'SELFCERT')]]//appv:Description">This program creates a self-signed digital certificate that can be used for personal macros on this machine only.</String>
  <String Id="WW_DigSig_Shortcut" xpath="//appv:Shortcut//appv:File[contains(text(),'Digital Certificate for VBA Projects')]" replace="Digital Certificate for VBA Projects">Digital Certificate for VBA Projects</String>
  <String Id="WW_SetLang_Shortcut_tip" xpath="//appv:Shortcut[appv:Target[contains(text(),'SETLANG')]]//appv:Description">Cambia las preferencias de idioma para las aplicaciones de Office.</String>
  <String Id="WW_SetLang_Shortcut" xpath="//appv:Shortcut//appv:File[contains(text(),'Office Language Preferences')]" replace="Office Language Preferences">Preferencias de idioma de Office</String>
  <String Id="WW_DCF_SSC_Shortcut_tip" xpath="//appv:Shortcut[appv:Target[contains(text(),'SPREADSHEETCOMPARE')]]//appv:Description">Compara las versiones de un libro de Excel.</String>
  <String Id="WW_DCF_DBC_Shortcut_tip" xpath="//appv:Shortcut[appv:Target[contains(text(),'DATABASECOMPARE')]]//appv:Description">Compara las versiones de una base de datos de Access.</String>
  <String Id="OSM_AdminUXShortcut_EVDescription" xpath="//appv:Shortcut[appv:Target[contains(text(),'msoev')]]//appv:Description">Ve los errores críticos, los problemas de compatibilidad y la información de resolución de problemas de las soluciones de Office con el registro de telemetría de Office.</String>
  <String Id="OSM_AdminUXShortcut_EVName" xpath="//appv:Shortcut//appv:File[contains(text(),'Telemetry Log for Office')]" replace="Telemetry Log for Office">Registro de telemetría para Office</String>
  <String Id="WW_PRJ_SrvAcct_Shortcut_tip" xpath="//appv:Shortcut[appv:File[contains(text(),'Project Server')]]//appv:Description">Crea y edita los perfiles de cuenta que Microsoft Project usa al establecer conexión con Microsoft Project Server.</String>
  <String Id="WW_PRJ_SrvAcct_Shortcut" xpath="//appv:Shortcut//appv:File[contains(text(),'Project Server 2016')]" replace="Accounts">Cuentas</String>
  <String Id="WW_SPDESIGN_MainShortcut_tip" xpath="//appv:Shortcut[appv:File[contains(text(),'SharePoint Designer')]]//appv:Description">Usa Microsoft SharePoint Designer para crear y personalizar sitios web de Microsoft SharePoint y generar aplicaciones habilitadas para flujos de trabajo.</String>
  <String Id="WW_GRV_SPFS_MainShortcut_tip" xpath="//appv:Shortcut[appv:Target[contains(text(),'GROOVE.EXE')]]//appv:Description">Sincroniza los documentos de SharePoint con el equipo y trabaja con el contenido como si estuvieras conectado mediante la sincronización de carpetas de Microsoft OneDrive para la Empresa.</String>
  <String Id="WW_SPFS_FriendlyAppName" xpath="//appv:Shortcut//appv:File[contains(text(),'OneDrive for Business')]" replace="OneDrive for Business">OneDrive para la Empresa</String>
  <String Id="WW_FriendlyAppName_Desktop_Tag" xpath="//appv:ApplicationCapabilities//appv:CapabilityGroup//appv:Capabilities//appv:Name[contains(text(),'(desktop)')]" replace="(desktop)">(escritorio)</String>
</AppXManifestLocalization>