﻿<Package IgnorableNamespaces="appv appv1.1 appv1.2" appv:IgnorableNamespaces="appv1.1 appv1.2" xmlns="http://schemas.microsoft.com/appx/2010/manifest" xmlns:appv="http://schemas.microsoft.com/appv/2010/manifest" xmlns:appv1.1="http://schemas.microsoft.com/appv/2013/manifest" xmlns:appv1.2="http://schemas.microsoft.com/appv/2014/manifest">
  <Identity Name="Reserved" Publisher="CN=Reserved" Version="16.0.17328.20206" appv:PackageId="90160000-3101-0000-1000-0000000FF1CE" appv:VersionId="94863e9e-95cb-425d-89b0-171f180e5cb6" />
  <Properties>
    <DisplayName>Microsoft Office 15</DisplayName>
    <PublisherDisplayName>Reserved</PublisherDisplayName>
    <Description>Reserved</Description>
    <Logo>Reserved.jpeg</Logo>
    <appv:AppVPackageDescription>No description entered</appv:AppVPackageDescription>
    <appv:AppVInProcExt>true</appv:AppVInProcExt>
  </Properties>
  <Resources>
    <Resource Language="en-us" />
  </Resources>
  <Prerequisites>
    <OSMinVersion>6.2</OSMinVersion>
    <OSMaxVersionTested>6.2</OSMaxVersionTested>
    <appv:TargetOSes SequencingStationProcessorArchitecture="x64" />
  </Prerequisites>
  <appv:Extensions>
    <appv:Extension Category="AppV.FileTypeAssociation">
      <appv:FileTypeAssociation>
        <appv:ProgId>
          <appv:Name>PowerPivotExcelClientAddIn.NativeEntry</appv:Name>
          <appv:Description>NativeEntry Class</appv:Description>
          <appv:CurrentVersionProgId>PowerPivotExcelClientAddIn.NativeEntry.1</appv:CurrentVersionProgId>
        </appv:ProgId>
      </appv:FileTypeAssociation>
    </appv:Extension>
  </appv:Extensions>
  <Applications xmlns="http://schemas.microsoft.com/appv/2010/manifest">
    <Application Id="PowerPivot" Origin="Application">
      <Target>PowerPivot</Target>
      <VisualElements>
        <Name>PowerPivot</Name>
      </VisualElements>
    </Application>
  </Applications>
  <appv:UsedKnownFolders>
    <appv:KnownFolder ID="{D65231B0-B2F1-4857-A4CE-A8E7C6EA7D27}" />
    <appv:KnownFolder ID="{905e63b6-c1bf-494e-b29c-65b732d3d21a}" />
    <appv:KnownFolder ID="{F38BF404-1D43-42F2-9305-67DE0B28FC23}" />
  </appv:UsedKnownFolders>
</Package>