﻿<Package IgnorableNamespaces="appv appv1.1 appv1.2" appv:IgnorableNamespaces="appv1.1 appv1.2" xmlns="http://schemas.microsoft.com/appx/2010/manifest" xmlns:appv="http://schemas.microsoft.com/appv/2010/manifest" xmlns:appv1.1="http://schemas.microsoft.com/appv/2013/manifest" xmlns:appv1.2="http://schemas.microsoft.com/appv/2014/manifest">
  <Identity Name="Reserved" Publisher="CN=Reserved" Version="16.0.17328.20206" appv:PackageId="90160000-00C1-080A-1000-0000000FF1CE" appv:VersionId="3c516dc8-42e7-4479-a356-7e522b54a69e" />
  <Properties>
    <DisplayName>Microsoft Office 15</DisplayName>
    <PublisherDisplayName>Reserved</PublisherDisplayName>
    <Description>Reserved</Description>
    <Logo>Reserved.jpeg</Logo>
    <appv:AppVPackageDescription>No description entered</appv:AppVPackageDescription>
    <appv:AppVInProcExt>true</appv:AppVInProcExt>
  </Properties>
  <Resources>
    <Resource Language="en-us" />
  </Resources>
  <Prerequisites>
    <OSMinVersion>6.2</OSMinVersion>
    <OSMaxVersionTested>6.2</OSMaxVersionTested>
    <appv:TargetOSes SequencingStationProcessorArchitecture="x64" />
  </Prerequisites>
  <Applications xmlns="http://schemas.microsoft.com/appv/2010/manifest" />
  <appv:Extensions />
  <appv:UsedKnownFolders>
    <appv:KnownFolder ID="{905e63b6-c1bf-494e-b29c-65b732d3d21a}" />
    <appv:KnownFolder ID="{F7F1ED05-9F6D-47A2-AAAE-29D317C6F066}" />
  </appv:UsedKnownFolders>
</Package>