﻿<Package IgnorableNamespaces="appv appv1.1 appv1.2" appv:IgnorableNamespaces="appv1.1 appv1.2" xmlns="http://schemas.microsoft.com/appx/2010/manifest" xmlns:appv="http://schemas.microsoft.com/appv/2010/manifest" xmlns:appv1.1="http://schemas.microsoft.com/appv/2013/manifest" xmlns:appv1.2="http://schemas.microsoft.com/appv/2014/manifest">
  <Identity Name="Reserved" Publisher="CN=Reserved" Version="16.0.17328.20206" appv:PackageId="90160000-0015-0409-1000-0000000FF1CE" appv:VersionId="7c3955df-551b-4833-aaed-c5c29613e1c0" />
  <Properties>
    <DisplayName>Microsoft Office 15</DisplayName>
    <PublisherDisplayName>Reserved</PublisherDisplayName>
    <Description>Reserved</Description>
    <Logo>Reserved.jpeg</Logo>
    <appv:AppVPackageDescription>No description entered</appv:AppVPackageDescription>
    <appv:AppVInProcExt>true</appv:AppVInProcExt>
  </Properties>
  <Resources>
    <Resource Language="en-us" />
  </Resources>
  <Prerequisites>
    <OSMinVersion>6.2</OSMinVersion>
    <OSMaxVersionTested>6.2</OSMaxVersionTested>
    <appv:TargetOSes SequencingStationProcessorArchitecture="x64" />
  </Prerequisites>
  <appv:Extensions>
    <appv:Extension Category="AppV.FileTypeAssociation">
      <appv:FileTypeAssociation>
        <appv:FileExtension>
          <appv:Name>.accdb</appv:Name>
        </appv:FileExtension>
      </appv:FileTypeAssociation>
    </appv:Extension>
  </appv:Extensions>
  <Applications xmlns="http://schemas.microsoft.com/appv/2010/manifest" />
  <appv:UsedKnownFolders>
    <appv:KnownFolder ID="{905e63b6-c1bf-494e-b29c-65b732d3d21a}" />
    <appv:KnownFolder ID="{6D809377-6AF0-444b-8957-A3773F02200E}" />
    <appv:KnownFolder ID="{6365D5A7-0F0D-45E5-87F6-0DA56B6A4F7D}" />
    <appv:KnownFolder ID="{F7F1ED05-9F6D-47A2-AAAE-29D317C6F066}" />
  </appv:UsedKnownFolders>
</Package>