﻿<Package IgnorableNamespaces="appv appv1.1 appv1.2" appv:IgnorableNamespaces="appv1.1 appv1.2" xmlns="http://schemas.microsoft.com/appx/2010/manifest" xmlns:appv="http://schemas.microsoft.com/appv/2010/manifest" xmlns:appv1.1="http://schemas.microsoft.com/appv/2013/manifest" xmlns:appv1.2="http://schemas.microsoft.com/appv/2014/manifest">
  <Identity Name="Reserved" Publisher="CN=Reserved" Version="16.0.17328.20206" appv:PackageId="90160000-001F-040C-1000-0000000FF1CE" appv:VersionId="bf249841-73d5-4f9b-9521-41014ee83c34" />
  <Properties>
    <DisplayName>Microsoft Office 15</DisplayName>
    <PublisherDisplayName>Reserved</PublisherDisplayName>
    <Description>Reserved</Description>
    <Logo>Reserved.jpeg</Logo>
    <appv:AppVPackageDescription>No description entered</appv:AppVPackageDescription>
    <appv:AppVInProcExt>true</appv:AppVInProcExt>
  </Properties>
  <Resources>
    <Resource Language="en-us" />
  </Resources>
  <Prerequisites>
    <OSMinVersion>6.2</OSMinVersion>
    <OSMaxVersionTested>6.2</OSMaxVersionTested>
    <appv:TargetOSes SequencingStationProcessorArchitecture="x64" />
  </Prerequisites>
  <appv:Extensions>
    <appv:Extension Category="AppV.FileTypeAssociation">
      <appv:FileTypeAssociation>
        <appv:ProgId>
          <appv:Name>LR.LexRefBilingualTextContext.1.0</appv:Name>
          <appv:Description>LexRefBilingualTextContext Class</appv:Description>
          <appv:CurrentVersionProgId>LR.LexRefBilingualTextContext.1.0.1</appv:CurrentVersionProgId>
        </appv:ProgId>
      </appv:FileTypeAssociation>
    </appv:Extension>
    <appv:Extension Category="AppV.FileTypeAssociation">
      <appv:FileTypeAssociation>
        <appv:ProgId>
          <appv:Name>LR.LexRefStFrObject.1.0</appv:Name>
          <appv:Description>LexRefStFrObject Class</appv:Description>
          <appv:CurrentVersionProgId>LR.LexRefStFrObject.1.0.1</appv:CurrentVersionProgId>
        </appv:ProgId>
      </appv:FileTypeAssociation>
    </appv:Extension>
  </appv:Extensions>
  <Applications xmlns="http://schemas.microsoft.com/appv/2010/manifest" />
  <appv:UsedKnownFolders>
    <appv:KnownFolder ID="{6365D5A7-0F0D-45E5-87F6-0DA56B6A4F7D}" />
    <appv:KnownFolder ID="{F38BF404-1D43-42F2-9305-67DE0B28FC23}" />
  </appv:UsedKnownFolders>
</Package>