<?xml version="1.0" encoding="UTF-8" standalone="yes"?>
<a:clrScheme xmlns:a="http://schemas.openxmlformats.org/drawingml/2006/main" name="Blue Green"><a:dk1><a:sysClr val="windowText" lastClr="000000"/></a:dk1><a:lt1><a:sysClr val="window" lastClr="FFFFFF"/></a:lt1><a:dk2><a:srgbClr val="373545"/></a:dk2><a:lt2><a:srgbClr val="CEDBE6"/></a:lt2><a:accent1><a:srgbClr val="3494BA"/></a:accent1><a:accent2><a:srgbClr val="58B6C0"/></a:accent2><a:accent3><a:srgbClr val="75BDA7"/></a:accent3><a:accent4><a:srgbClr val="7A8C8E"/></a:accent4><a:accent5><a:srgbClr val="84ACB6"/></a:accent5><a:accent6><a:srgbClr val="2683C6"/></a:accent6><a:hlink><a:srgbClr val="6B9F25"/></a:hlink><a:folHlink><a:srgbClr val="9F6715"/></a:folHlink></a:clrScheme>