<?xml version="1.0" encoding="UTF-8" standalone="yes"?>
<a:clrScheme xmlns:a="http://schemas.openxmlformats.org/drawingml/2006/main" name="Blue II"><a:dk1><a:sysClr val="windowText" lastClr="000000"/></a:dk1><a:lt1><a:sysClr val="window" lastClr="FFFFFF"/></a:lt1><a:dk2><a:srgbClr val="335B74"/></a:dk2><a:lt2><a:srgbClr val="DFE3E5"/></a:lt2><a:accent1><a:srgbClr val="1CADE4"/></a:accent1><a:accent2><a:srgbClr val="2683C6"/></a:accent2><a:accent3><a:srgbClr val="27CED7"/></a:accent3><a:accent4><a:srgbClr val="42BA97"/></a:accent4><a:accent5><a:srgbClr val="3E8853"/></a:accent5><a:accent6><a:srgbClr val="62A39F"/></a:accent6><a:hlink><a:srgbClr val="6EAC1C"/></a:hlink><a:folHlink><a:srgbClr val="B26B02"/></a:folHlink></a:clrScheme>