<?xml version="1.0" encoding="UTF-8" standalone="yes"?>
<a:clrScheme xmlns:a="http://schemas.openxmlformats.org/drawingml/2006/main" name="Blue"><a:dk1><a:sysClr val="windowText" lastClr="000000"/></a:dk1><a:lt1><a:sysClr val="window" lastClr="FFFFFF"/></a:lt1><a:dk2><a:srgbClr val="17406D"/></a:dk2><a:lt2><a:srgbClr val="DBEFF9"/></a:lt2><a:accent1><a:srgbClr val="0F6FC6"/></a:accent1><a:accent2><a:srgbClr val="009DD9"/></a:accent2><a:accent3><a:srgbClr val="0BD0D9"/></a:accent3><a:accent4><a:srgbClr val="10CF9B"/></a:accent4><a:accent5><a:srgbClr val="7CCA62"/></a:accent5><a:accent6><a:srgbClr val="A5C249"/></a:accent6><a:hlink><a:srgbClr val="F49100"/></a:hlink><a:folHlink><a:srgbClr val="85DFD0"/></a:folHlink></a:clrScheme>