<?xml version="1.0" encoding="utf-8" standalone="yes"?>
<a:clrScheme xmlns:a="http://schemas.openxmlformats.org/drawingml/2006/main" name="Blue Warm"><a:dk1><a:sysClr val="windowText" lastClr="000000"/></a:dk1><a:lt1><a:sysClr val="window" lastClr="FFFFFF"/></a:lt1><a:dk2><a:srgbClr val="242852"/></a:dk2><a:lt2><a:srgbClr val="ACCBF9"/></a:lt2><a:accent1><a:srgbClr val="4A66AC"/></a:accent1><a:accent2><a:srgbClr val="629DD1"/></a:accent2><a:accent3><a:srgbClr val="297FD5"/></a:accent3><a:accent4><a:srgbClr val="7F8FA9"/></a:accent4><a:accent5><a:srgbClr val="5AA2AE"/></a:accent5><a:accent6><a:srgbClr val="9D90A0"/></a:accent6><a:hlink><a:srgbClr val="9454C3"/></a:hlink><a:folHlink><a:srgbClr val="3EBBF0"/></a:folHlink></a:clrScheme>