<?xml version="1.0" encoding="UTF-8" standalone="yes"?>
<a:clrScheme xmlns:a="http://schemas.openxmlformats.org/drawingml/2006/main" name="Green"><a:dk1><a:sysClr val="windowText" lastClr="000000"/></a:dk1><a:lt1><a:sysClr val="window" lastClr="FFFFFF"/></a:lt1><a:dk2><a:srgbClr val="455F51"/></a:dk2><a:lt2><a:srgbClr val="E3DED1"/></a:lt2><a:accent1><a:srgbClr val="549E39"/></a:accent1><a:accent2><a:srgbClr val="8AB833"/></a:accent2><a:accent3><a:srgbClr val="C0CF3A"/></a:accent3><a:accent4><a:srgbClr val="029676"/></a:accent4><a:accent5><a:srgbClr val="4AB5C4"/></a:accent5><a:accent6><a:srgbClr val="0989B1"/></a:accent6><a:hlink><a:srgbClr val="6B9F25"/></a:hlink><a:folHlink><a:srgbClr val="BA6906"/></a:folHlink></a:clrScheme>