<?xml version="1.0" encoding="UTF-8" standalone="yes"?>
<a:clrScheme xmlns:a="http://schemas.openxmlformats.org/drawingml/2006/main" name="Green Yellow"><a:dk1><a:sysClr val="windowText" lastClr="000000"/></a:dk1><a:lt1><a:sysClr val="window" lastClr="FFFFFF"/></a:lt1><a:dk2><a:srgbClr val="455F51"/></a:dk2><a:lt2><a:srgbClr val="E2DFCC"/></a:lt2><a:accent1><a:srgbClr val="99CB38"/></a:accent1><a:accent2><a:srgbClr val="63A537"/></a:accent2><a:accent3><a:srgbClr val="37A76F"/></a:accent3><a:accent4><a:srgbClr val="44C1A3"/></a:accent4><a:accent5><a:srgbClr val="4EB3CF"/></a:accent5><a:accent6><a:srgbClr val="51C3F9"/></a:accent6><a:hlink><a:srgbClr val="EE7B08"/></a:hlink><a:folHlink><a:srgbClr val="977B2D"/></a:folHlink></a:clrScheme>