<?xml version="1.0" encoding="UTF-8" standalone="yes"?>
<a:clrScheme xmlns:a="http://schemas.openxmlformats.org/drawingml/2006/main" name="Marquee"><a:dk1><a:srgbClr val="000000"/></a:dk1><a:lt1><a:sysClr val="window" lastClr="FFFFFF"/></a:lt1><a:dk2><a:srgbClr val="5E5E5E"/></a:dk2><a:lt2><a:srgbClr val="DDDDDD"/></a:lt2><a:accent1><a:srgbClr val="418AB3"/></a:accent1><a:accent2><a:srgbClr val="A6B727"/></a:accent2><a:accent3><a:srgbClr val="F69200"/></a:accent3><a:accent4><a:srgbClr val="838383"/></a:accent4><a:accent5><a:srgbClr val="FEC306"/></a:accent5><a:accent6><a:srgbClr val="DF5327"/></a:accent6><a:hlink><a:srgbClr val="F59E00"/></a:hlink><a:folHlink><a:srgbClr val="B2B2B2"/></a:folHlink></a:clrScheme>