<?xml version="1.0" encoding="UTF-8" standalone="yes"?>
<a:clrScheme xmlns:a="http://schemas.openxmlformats.org/drawingml/2006/main" name="Median"><a:dk1><a:sysClr val="windowText" lastClr="000000"/></a:dk1><a:lt1><a:sysClr val="window" lastClr="FFFFFF"/></a:lt1><a:dk2><a:srgbClr val="775F55"/></a:dk2><a:lt2><a:srgbClr val="EBDDC3"/></a:lt2><a:accent1><a:srgbClr val="94B6D2"/></a:accent1><a:accent2><a:srgbClr val="DD8047"/></a:accent2><a:accent3><a:srgbClr val="A5AB81"/></a:accent3><a:accent4><a:srgbClr val="D8B25C"/></a:accent4><a:accent5><a:srgbClr val="7BA79D"/></a:accent5><a:accent6><a:srgbClr val="968C8C"/></a:accent6><a:hlink><a:srgbClr val="F7B615"/></a:hlink><a:folHlink><a:srgbClr val="704404"/></a:folHlink></a:clrScheme>