<?xml version="1.0" encoding="UTF-8" standalone="yes"?>
<a:clrScheme xmlns:a="http://schemas.openxmlformats.org/drawingml/2006/main" name="Orange Red"><a:dk1><a:sysClr val="windowText" lastClr="000000"/></a:dk1><a:lt1><a:sysClr val="window" lastClr="FFFFFF"/></a:lt1><a:dk2><a:srgbClr val="696464"/></a:dk2><a:lt2><a:srgbClr val="E9E5DC"/></a:lt2><a:accent1><a:srgbClr val="D34817"/></a:accent1><a:accent2><a:srgbClr val="9B2D1F"/></a:accent2><a:accent3><a:srgbClr val="A28E6A"/></a:accent3><a:accent4><a:srgbClr val="956251"/></a:accent4><a:accent5><a:srgbClr val="918485"/></a:accent5><a:accent6><a:srgbClr val="855D5D"/></a:accent6><a:hlink><a:srgbClr val="CC9900"/></a:hlink><a:folHlink><a:srgbClr val="96A9A9"/></a:folHlink></a:clrScheme>