<?xml version="1.0" encoding="UTF-8" standalone="yes"?>
<a:clrScheme xmlns:a="http://schemas.openxmlformats.org/drawingml/2006/main" name="Orange"><a:dk1><a:srgbClr val="000000"/></a:dk1><a:lt1><a:sysClr val="window" lastClr="FFFFFF"/></a:lt1><a:dk2><a:srgbClr val="637052"/></a:dk2><a:lt2><a:srgbClr val="CCDDEA"/></a:lt2><a:accent1><a:srgbClr val="E48312"/></a:accent1><a:accent2><a:srgbClr val="BD582C"/></a:accent2><a:accent3><a:srgbClr val="865640"/></a:accent3><a:accent4><a:srgbClr val="9B8357"/></a:accent4><a:accent5><a:srgbClr val="C2BC80"/></a:accent5><a:accent6><a:srgbClr val="94A088"/></a:accent6><a:hlink><a:srgbClr val="2998E3"/></a:hlink><a:folHlink><a:srgbClr val="8C8C8C"/></a:folHlink></a:clrScheme>