<?xml version="1.0" encoding="UTF-8" standalone="yes"?>
<a:clrScheme xmlns:a="http://schemas.openxmlformats.org/drawingml/2006/main" name="Paper"><a:dk1><a:sysClr val="windowText" lastClr="000000"/></a:dk1><a:lt1><a:sysClr val="window" lastClr="FFFFFF"/></a:lt1><a:dk2><a:srgbClr val="444D26"/></a:dk2><a:lt2><a:srgbClr val="FEFAC9"/></a:lt2><a:accent1><a:srgbClr val="A5B592"/></a:accent1><a:accent2><a:srgbClr val="F3A447"/></a:accent2><a:accent3><a:srgbClr val="E7BC29"/></a:accent3><a:accent4><a:srgbClr val="D092A7"/></a:accent4><a:accent5><a:srgbClr val="9C85C0"/></a:accent5><a:accent6><a:srgbClr val="809EC2"/></a:accent6><a:hlink><a:srgbClr val="8E58B6"/></a:hlink><a:folHlink><a:srgbClr val="7F6F6F"/></a:folHlink></a:clrScheme>