<?xml version="1.0" encoding="UTF-8" standalone="yes"?>
<a:clrScheme xmlns:a="http://schemas.openxmlformats.org/drawingml/2006/main" name="Red Violet"><a:dk1><a:sysClr val="windowText" lastClr="000000"/></a:dk1><a:lt1><a:sysClr val="window" lastClr="FFFFFF"/></a:lt1><a:dk2><a:srgbClr val="454551"/></a:dk2><a:lt2><a:srgbClr val="D8D9DC"/></a:lt2><a:accent1><a:srgbClr val="E32D91"/></a:accent1><a:accent2><a:srgbClr val="C830CC"/></a:accent2><a:accent3><a:srgbClr val="4EA6DC"/></a:accent3><a:accent4><a:srgbClr val="4775E7"/></a:accent4><a:accent5><a:srgbClr val="8971E1"/></a:accent5><a:accent6><a:srgbClr val="D54773"/></a:accent6><a:hlink><a:srgbClr val="6B9F25"/></a:hlink><a:folHlink><a:srgbClr val="8C8C8C"/></a:folHlink></a:clrScheme>