<?xml version="1.0" encoding="UTF-8" standalone="yes"?>
<a:clrScheme xmlns:a="http://schemas.openxmlformats.org/drawingml/2006/main" name="Red Orange"><a:dk1><a:sysClr val="windowText" lastClr="000000"/></a:dk1><a:lt1><a:sysClr val="window" lastClr="FFFFFF"/></a:lt1><a:dk2><a:srgbClr val="505046"/></a:dk2><a:lt2><a:srgbClr val="EEECE1"/></a:lt2><a:accent1><a:srgbClr val="E84C22"/></a:accent1><a:accent2><a:srgbClr val="FFBD47"/></a:accent2><a:accent3><a:srgbClr val="B64926"/></a:accent3><a:accent4><a:srgbClr val="FF8427"/></a:accent4><a:accent5><a:srgbClr val="CC9900"/></a:accent5><a:accent6><a:srgbClr val="B22600"/></a:accent6><a:hlink><a:srgbClr val="CC9900"/></a:hlink><a:folHlink><a:srgbClr val="666699"/></a:folHlink></a:clrScheme>