<?xml version="1.0" encoding="UTF-8" standalone="yes"?>
<a:clrScheme xmlns:a="http://schemas.openxmlformats.org/drawingml/2006/main" name="Red"><a:dk1><a:sysClr val="windowText" lastClr="000000"/></a:dk1><a:lt1><a:sysClr val="window" lastClr="FFFFFF"/></a:lt1><a:dk2><a:srgbClr val="323232"/></a:dk2><a:lt2><a:srgbClr val="E5C243"/></a:lt2><a:accent1><a:srgbClr val="A5300F"/></a:accent1><a:accent2><a:srgbClr val="D55816"/></a:accent2><a:accent3><a:srgbClr val="E19825"/></a:accent3><a:accent4><a:srgbClr val="B19C7D"/></a:accent4><a:accent5><a:srgbClr val="7F5F52"/></a:accent5><a:accent6><a:srgbClr val="B27D49"/></a:accent6><a:hlink><a:srgbClr val="6B9F25"/></a:hlink><a:folHlink><a:srgbClr val="B26B02"/></a:folHlink></a:clrScheme>