<?xml version="1.0" encoding="UTF-8" standalone="yes"?>
<a:clrScheme xmlns:a="http://schemas.openxmlformats.org/drawingml/2006/main" name="Violet II"><a:dk1><a:sysClr val="windowText" lastClr="000000"/></a:dk1><a:lt1><a:sysClr val="window" lastClr="FFFFFF"/></a:lt1><a:dk2><a:srgbClr val="632E62"/></a:dk2><a:lt2><a:srgbClr val="EAE5EB"/></a:lt2><a:accent1><a:srgbClr val="92278F"/></a:accent1><a:accent2><a:srgbClr val="9B57D3"/></a:accent2><a:accent3><a:srgbClr val="755DD9"/></a:accent3><a:accent4><a:srgbClr val="665EB8"/></a:accent4><a:accent5><a:srgbClr val="45A5ED"/></a:accent5><a:accent6><a:srgbClr val="5982DB"/></a:accent6><a:hlink><a:srgbClr val="0066FF"/></a:hlink><a:folHlink><a:srgbClr val="666699"/></a:folHlink></a:clrScheme>