<?xml version="1.0" encoding="UTF-8" standalone="yes"?>
<a:clrScheme xmlns:a="http://schemas.openxmlformats.org/drawingml/2006/main" name="Violet"><a:dk1><a:sysClr val="windowText" lastClr="000000"/></a:dk1><a:lt1><a:sysClr val="window" lastClr="FFFFFF"/></a:lt1><a:dk2><a:srgbClr val="373545"/></a:dk2><a:lt2><a:srgbClr val="DCD8DC"/></a:lt2><a:accent1><a:srgbClr val="AD84C6"/></a:accent1><a:accent2><a:srgbClr val="8784C7"/></a:accent2><a:accent3><a:srgbClr val="5D739A"/></a:accent3><a:accent4><a:srgbClr val="6997AF"/></a:accent4><a:accent5><a:srgbClr val="84ACB6"/></a:accent5><a:accent6><a:srgbClr val="6F8183"/></a:accent6><a:hlink><a:srgbClr val="69A020"/></a:hlink><a:folHlink><a:srgbClr val="8C8C8C"/></a:folHlink></a:clrScheme>