<?xml version="1.0" encoding="UTF-8" standalone="yes"?>
<a:clrScheme xmlns:a="http://schemas.openxmlformats.org/drawingml/2006/main" name="Yellow Orange"><a:dk1><a:sysClr val="windowText" lastClr="000000"/></a:dk1><a:lt1><a:sysClr val="window" lastClr="FFFFFF"/></a:lt1><a:dk2><a:srgbClr val="4E3B30"/></a:dk2><a:lt2><a:srgbClr val="FBEEC9"/></a:lt2><a:accent1><a:srgbClr val="F0A22E"/></a:accent1><a:accent2><a:srgbClr val="A5644E"/></a:accent2><a:accent3><a:srgbClr val="B58B80"/></a:accent3><a:accent4><a:srgbClr val="C3986D"/></a:accent4><a:accent5><a:srgbClr val="A19574"/></a:accent5><a:accent6><a:srgbClr val="C17529"/></a:accent6><a:hlink><a:srgbClr val="AD1F1F"/></a:hlink><a:folHlink><a:srgbClr val="FFC42F"/></a:folHlink></a:clrScheme>