<?xml version="1.0" encoding="UTF-8" standalone="yes"?>
<a:clrScheme xmlns:a="http://schemas.openxmlformats.org/drawingml/2006/main" name="Yellow"><a:dk1><a:sysClr val="windowText" lastClr="000000"/></a:dk1><a:lt1><a:sysClr val="window" lastClr="FFFFFF"/></a:lt1><a:dk2><a:srgbClr val="39302A"/></a:dk2><a:lt2><a:srgbClr val="E5DEDB"/></a:lt2><a:accent1><a:srgbClr val="FFCA08"/></a:accent1><a:accent2><a:srgbClr val="F8931D"/></a:accent2><a:accent3><a:srgbClr val="CE8D3E"/></a:accent3><a:accent4><a:srgbClr val="EC7016"/></a:accent4><a:accent5><a:srgbClr val="E64823"/></a:accent5><a:accent6><a:srgbClr val="9C6A6A"/></a:accent6><a:hlink><a:srgbClr val="2998E3"/></a:hlink><a:folHlink><a:srgbClr val="7F723D"/></a:folHlink></a:clrScheme>