<?xml version="1.0" encoding="utf-8" standalone="no"?>
<a:fontScheme name="Century Gothic-Palatino Linotype" xmlns:a="http://schemas.openxmlformats.org/drawingml/2006/main">
  <a:majorFont>
    <a:latin typeface="Century Gothic" panose="020B0502020202020204" />
    <a:ea typeface="" />
    <a:cs typeface="" />
    <a:font script="Jpan" typeface="HGｺﾞｼｯｸM"/>
    <a:font script="Hang" typeface="HY중고딕"/>
    <a:font script="Hans" typeface="幼圆"/>
    <a:font script="Hant" typeface="微軟正黑體"/>
    <a:font script="Arab" typeface="Tahoma"/>
    <a:font script="Hebr" typeface="Gisha"/>
    <a:font script="Thai" typeface="DilleniaUPC"/>
    <a:font script="Ethi" typeface="Nyala"/>
    <a:font script="Beng" typeface="Vrinda"/>
    <a:font script="Gujr" typeface="Shruti"/>
    <a:font script="Khmr" typeface="DaunPenh"/>
    <a:font script="Knda" typeface="Tunga"/>
    <a:font script="Guru" typeface="Raavi"/>
    <a:font script="Cans" typeface="Euphemia"/>
    <a:font script="Cher" typeface="Plantagenet Cherokee"/>
    <a:font script="Yiii" typeface="Microsoft Yi Baiti"/>
    <a:font script="Tibt" typeface="Microsoft Himalaya"/>
    <a:font script="Thaa" typeface="MV Boli"/>
    <a:font script="Deva" typeface="Mangal"/>
    <a:font script="Telu" typeface="Gautami"/>
    <a:font script="Taml" typeface="Latha"/>
    <a:font script="Syrc" typeface="Estrangelo Edessa"/>
    <a:font script="Orya" typeface="Kalinga"/>
    <a:font script="Mlym" typeface="Kartika"/>
    <a:font script="Laoo" typeface="DokChampa"/>
    <a:font script="Sinh" typeface="Iskoola Pota"/>
    <a:font script="Mong" typeface="Mongolian Baiti"/>
    <a:font script="Viet" typeface="Tahoma"/>
    <a:font script="Uigh" typeface="Microsoft Uighur"/>
    <a:font script="Geor" typeface="Sylfaen" />
  </a:majorFont>
  <a:minorFont>
    <a:latin typeface="Palatino Linotype" panose="02040502050505030304" />
    <a:ea typeface="" />
    <a:cs typeface="" />
    <a:font script="Grek" typeface="Cambria"/>
    <a:font script="Cyrl" typeface="Cambria"/>
    <a:font script="Jpan" typeface="HG創英ﾌﾟﾚｾﾞﾝｽEB"/>
    <a:font script="Hang" typeface="맑은 고딕"/>
    <a:font script="Hans" typeface="宋体"/>
    <a:font script="Hant" typeface="新細明體"/>
    <a:font script="Arab" typeface="Times New Roman"/>
    <a:font script="Hebr" typeface="Aharoni"/>
    <a:font script="Thai" typeface="EucrosiaUPC"/>
    <a:font script="Ethi" typeface="Nyala"/>
    <a:font script="Beng" typeface="Vrinda"/>
    <a:font script="Gujr" typeface="Shruti"/>
    <a:font script="Khmr" typeface="MoolBoran"/>
    <a:font script="Knda" typeface="Tunga"/>
    <a:font script="Guru" typeface="Raavi"/>
    <a:font script="Cans" typeface="Euphemia"/>
    <a:font script="Cher" typeface="Plantagenet Cherokee"/>
    <a:font script="Yiii" typeface="Microsoft Yi Baiti"/>
    <a:font script="Tibt" typeface="Microsoft Himalaya"/>
    <a:font script="Thaa" typeface="MV Boli"/>
    <a:font script="Deva" typeface="Mangal"/>
    <a:font script="Telu" typeface="Gautami"/>
    <a:font script="Taml" typeface="Latha"/>
    <a:font script="Syrc" typeface="Estrangelo Edessa"/>
    <a:font script="Orya" typeface="Kalinga"/>
    <a:font script="Mlym" typeface="Kartika"/>
    <a:font script="Laoo" typeface="DokChampa"/>
    <a:font script="Sinh" typeface="Iskoola Pota"/>
    <a:font script="Mong" typeface="Mongolian Baiti"/>
    <a:font script="Viet" typeface="Times New Roman"/>
    <a:font script="Uigh" typeface="Microsoft Uighur"/>
  </a:minorFont>
</a:fontScheme>