<?xml version="1.0" encoding="utf-8" standalone="no"?>
<a:fontScheme name="Tw Cen MT-Rockwell" xmlns:a="http://schemas.openxmlformats.org/drawingml/2006/main">
  <a:majorFont>
    <a:latin typeface="Tw Cen MT" panose="020B0602020104020603" />
    <a:ea typeface="" />
    <a:cs typeface="" />
    <a:font script="Grek" typeface="Calibri"/>
    <a:font script="Cyrl" typeface="Calibri"/>
    <a:font script="Jpan" typeface="HGPｺﾞｼｯｸE"/>
    <a:font script="Hang" typeface="HY얕은샘물M"/>
    <a:font script="Hans" typeface="华文仿宋"/>
    <a:font script="Hant" typeface="微軟正黑體"/>
    <a:font script="Arab" typeface="Arial"/>
    <a:font script="Hebr" typeface="Levenim MT"/>
    <a:font script="Thai" typeface="FreesiaUPC"/>
    <a:font script="Ethi" typeface="Nyala"/>
    <a:font script="Beng" typeface="Vrinda"/>
    <a:font script="Gujr" typeface="Shruti"/>
    <a:font script="Khmr" typeface="DaunPenh"/>
    <a:font script="Knda" typeface="Tunga"/>
    <a:font script="Guru" typeface="Raavi"/>
    <a:font script="Cans" typeface="Euphemia"/>
    <a:font script="Cher" typeface="Plantagenet Cherokee"/>
    <a:font script="Yiii" typeface="Microsoft Yi Baiti"/>
    <a:font script="Tibt" typeface="Microsoft Himalaya"/>
    <a:font script="Thaa" typeface="MV Boli"/>
    <a:font script="Deva" typeface="Mangal"/>
    <a:font script="Telu" typeface="Gautami"/>
    <a:font script="Taml" typeface="Latha"/>
    <a:font script="Syrc" typeface="Estrangelo Edessa"/>
    <a:font script="Orya" typeface="Kalinga"/>
    <a:font script="Mlym" typeface="Kartika"/>
    <a:font script="Laoo" typeface="DokChampa"/>
    <a:font script="Sinh" typeface="Iskoola Pota"/>
    <a:font script="Mong" typeface="Mongolian Baiti"/>
    <a:font script="Viet" typeface="Tahoma"/>
    <a:font script="Uigh" typeface="Microsoft Uighur"/>
    <a:font script="Geor" typeface="Sylfaen" />
  </a:majorFont>
  <a:minorFont>
    <a:latin typeface="Rockwell" panose="02060603020205020403" />
    <a:ea typeface="" />
    <a:cs typeface="" />
    <a:font script="Grek" typeface="Cambria"/>
    <a:font script="Cyrl" typeface="Cambria"/>
    <a:font script="Jpan" typeface="HG明朝B"/>
    <a:font script="Hang" typeface="바탕"/>
    <a:font script="Hans" typeface="方正姚体"/>
    <a:font script="Hant" typeface="標楷體"/>
    <a:font script="Arab" typeface="Times New Roman"/>
    <a:font script="Hebr" typeface="David"/>
    <a:font script="Thai" typeface="JasmineUPC"/>
    <a:font script="Ethi" typeface="Nyala"/>
    <a:font script="Beng" typeface="Vrinda"/>
    <a:font script="Gujr" typeface="Shruti"/>
    <a:font script="Khmr" typeface="MoolBoran"/>
    <a:font script="Knda" typeface="Tunga"/>
    <a:font script="Guru" typeface="Raavi"/>
    <a:font script="Cans" typeface="Euphemia"/>
    <a:font script="Cher" typeface="Plantagenet Cherokee"/>
    <a:font script="Yiii" typeface="Microsoft Yi Baiti"/>
    <a:font script="Tibt" typeface="Microsoft Himalaya"/>
    <a:font script="Thaa" typeface="MV Boli"/>
    <a:font script="Deva" typeface="Mangal"/>
    <a:font script="Telu" typeface="Gautami"/>
    <a:font script="Taml" typeface="Latha"/>
    <a:font script="Syrc" typeface="Estrangelo Edessa"/>
    <a:font script="Orya" typeface="Kalinga"/>
    <a:font script="Mlym" typeface="Kartika"/>
    <a:font script="Laoo" typeface="DokChampa"/>
    <a:font script="Sinh" typeface="Iskoola Pota"/>
    <a:font script="Mong" typeface="Mongolian Baiti"/>
    <a:font script="Viet" typeface="Times New Roman"/>
    <a:font script="Uigh" typeface="Microsoft Uighur"/>
    <a:font script="Geor" typeface="Sylfaen" />
  </a:minorFont>
</a:fontScheme>